<?xml version="1.0"?>
<doc>
    <assembly>
        <name>LetterboxdLog</name>
    </assembly>
    <members>
        <member name="T:LetterboxdLog.Plugin">
            <summary>
            The main plugin.
            </summary>
        </member>
        <member name="M:LetterboxdLog.Plugin.#ctor(MediaBrowser.Common.Configuration.IApplicationPaths,MediaBrowser.Model.Serialization.IXmlSerializer)">
            <summary>
            Initializes a new instance of the <see cref="T:LetterboxdLog.Plugin"/> class.
            </summary>
            <param name="applicationPaths">Instance of the <see cref="T:MediaBrowser.Common.Configuration.IApplicationPaths"/> interface.</param>
            <param name="xmlSerializer">Instance of the <see cref="T:MediaBrowser.Model.Serialization.IXmlSerializer"/> interface.</param>
        </member>
        <member name="P:LetterboxdLog.Plugin.Name">
            <inheritdoc />
        </member>
        <member name="P:LetterboxdLog.Plugin.Id">
            <inheritdoc />
        </member>
        <member name="P:LetterboxdLog.Plugin.ThumbImageFormat">
            <inheritdoc />
        </member>
        <member name="P:LetterboxdLog.Plugin.Instance">
            <summary>
            Gets the current plugin instance.
            </summary>
        </member>
        <member name="M:LetterboxdLog.Plugin.GetPages">
            <inheritdoc />
        </member>
        <member name="M:LetterboxdLog.Plugin.GetThumbImage">
            <inheritdoc />
        </member>
    </members>
</doc>
